{
  "parent": "minecraft:item/generated",
  "textures": {
    "layer0": "minecraft:item/flint"
  },
  "overrides": [
    { "predicate": {"custom_model_data": 310001}, "model": "item/slime"},
    { "predicate": {"custom_model_data": 310002}, "model": "item/magma"},
    { "predicate": {"custom_model_data": 310003}, "model": "item/ectoplasm"},
    { "predicate": {"custom_model_data": 310004}, "model": "item/bone"},
    { "predicate": {"custom_model_data": 310005}, "model": "item/white_wool"},
    { "predicate": {"custom_model_data": 310006}, "model": "item/leather"},
    { "predicate": {"custom_model_data": 310007}, "model": "item/feather"},
    { "predicate": {"custom_model_data": 320001}, "model": "item/kelp"},
	{ "predicate": {"custom_model_data": 320002}, "model": "item/wheat_seeds"},
	{ "predicate": {"custom_model_data": 320003}, "model": "item/coal"},
	{ "predicate": {"custom_model_data": 320004}, "model": "item/vines"},
	{ "predicate": {"custom_model_data": 320005}, "model": "item/stick"},
	{ "predicate": {"custom_model_data": 320006}, "model": "item/pebble"},
	{ "predicate": {"custom_model_data": 320007}, "model": "item/chain"},
	{ "predicate": {"custom_model_data": 320008}, "model": "item/metal_scrap"},
	{ "predicate": {"custom_model_data": 320009}, "model": "item/refined_metal"}
  ]
}