{
  "parent": "minecraft:item/generated",
  "textures": {
    "layer0": "minecraft:item/slime_ball"
  },
  "overrides": [
    { "predicate": {"custom_model_data": 310001}, "model": "item/slime"},
	{ "predicate": {"custom_model_data": 310002}, "model": "item/magma"},
	{ "predicate": {"custom_model_data": 310003}, "model": "item/ectoplasm"},
	{ "predicate": {"custom_model_data": 310004}, "model": "item/bone"},
	{ "predicate": {"custom_model_data": 310005}, "model": "item/white_wool"},
	{ "predicate": {"custom_model_data": 310006}, "model": "item/leather"},
	{ "predicate": {"custom_model_data": 310007}, "model": "item/feather"},
	{ "predicate": {"custom_model_data": 310008}, "model": "item/drum_stick"}
  ]
}