{
  "parent": "minecraft:item/handheld",
  "textures": {
    "layer0": "minecraft:item/wooden_hoe"
  },
  "overrides": [
    { "predicate": {"custom_model_data": 140001}, "model": "item/stick"},
	{ "predicate": {"custom_model_data": 140002}, "model": "item/glistening_twig"},
	{ "predicate": {"custom_model_data": 140003}, "model": "item/glowing_twig"},
	{ "predicate": {"custom_model_data": 140004}, "model": "item/slime_spoofer"},
	{ "predicate": {"custom_model_data": 140005}, "model": "item/firework_star"},
	{ "predicate": {"custom_model_data": 140006}, "model": "item/torch"},
	{ "predicate": {"custom_model_data": 140007}, "model": "item/redstone_torch"},
	{ "predicate": {"custom_model_data": 140008}, "model": "item/earthern_wand"},
	{ "predicate": {"custom_model_data": 140009}, "model": "item/blaze_rod"},
	{ "predicate": {"custom_model_data": 140010}, "model": "item/earthern_staff"}
  ]
}