{
  "parent": "minecraft:item/handheld",
  "textures": {
    "layer0": "minecraft:item/wooden_axe"
  },
  "overrides": [
	{ "predicate": {"custom_model_data": 130001}, "model": "item/club"},
	{ "predicate": {"custom_model_data": 130002}, "model": "item/giant_club"},
	{ "predicate": {"custom_model_data": 130003}, "model": "item/femur_bone"},
	{ "predicate": {"custom_model_data": 130004}, "model": "item/stone_axe"},
	{ "predicate": {"custom_model_data": 130005}, "model": "item/double_bladed_axe"},
	{ "predicate": {"custom_model_data": 130006}, "model": "item/great_sword"},
	{ "predicate": {"custom_model_data": 130007}, "model": "item/war_hammer"},
	{ "predicate": {"custom_model_data": 130008}, "model": "item/iron_axe"},
	{ "predicate": {"custom_model_data": 130009}, "model": "item/clobber"},
	{ "predicate": {"custom_model_data": 130010}, "model": "item/earthern_hammer"}
  ]
}