{
  "parent": "minecraft:item/handheld",
  "textures": {
    "layer0": "minecraft:item/wooden_sword"
  },
  "overrides": [
    { "predicate": {"custom_model_data": 110001}, "model": "item/twig"},
	{ "predicate": {"custom_model_data": 110002}, "model": "item/sticky_stick"},
	{ "predicate": {"custom_model_data": 110003}, "model": "item/spade"},
	{ "predicate": {"custom_model_data": 110004}, "model": "item/stone_shovel"},
	{ "predicate": {"custom_model_data": 110005}, "model": "item/shank"},
	{ "predicate": {"custom_model_data": 110006}, "model": "item/dagger"},
	{ "predicate": {"custom_model_data": 110007}, "model": "item/wooden_sword"},
	{ "predicate": {"custom_model_data": 110008}, "model": "item/splintered_bone"},
	{ "predicate": {"custom_model_data": 110009}, "model": "item/scrap_shard"},
	{ "predicate": {"custom_model_data": 110010}, "model": "item/refined_dagger"}
  ]
}